Name	Frequency	Approximate	Number	Rank
JAMES	3.318	4,840,833	1
JOHN	3.271	4,772,262	2
ROBERT	3.143	4,585,515	3
MICHAEL	2.629	3,835,609	4
WILLIAM	2.451	3,575,914	5
DAVID	2.363	3,447,525	6
RICHARD	1.703	2,484,611	7
CHARLES	1.523	2,221,998	8
JOSEPH	1.404	2,048,382	9
THOMAS	1.38	2,013,366	10
CHRISTOPHER	1.035	1,510,025	11
DANIEL	0.974	1,421,028	12
PAUL	0.948	1,383,095	13
MARK	0.938	1,368,506	14
DONALD	0.931	1,358,293	15
GEORGE	0.927	1,352,457	16
KENNETH	0.826	1,205,102	17
STEVEN	0.78	1,137,990	18
EDWARD	0.779	1,136,531	19
BRIAN	0.736	1,073,795	20
RONALD	0.725	1,057,747	21
ANTHONY	0.721	1,051,911	22
KEVIN	0.671	978,963	23
JASON	0.66	962,914	24
MATTHEW	0.657	958,538	25
GARY	0.65	948,325	26
TIMOTHY	0.64	933,735	27
JOSE	0.613	894,343	28
LARRY	0.598	872,459	29
JEFFREY	0.591	862,246	30
FRANK	0.581	847,656	31
SCOTT	0.546	796,593	32
ERIC	0.544	793,675	33
STEPHEN	0.54	787,839	34
ANDREW	0.537	783,462	35
RAYMOND	0.488	711,973	36
GREGORY	0.441	643,402	37
JOSHUA	0.435	634,648	38
JERRY	0.432	630,271	39
DENNIS	0.415	605,469	40
WALTER	0.399	582,126	41
PATRICK	0.389	567,536	42
PETER	0.381	555,864	43
HAROLD	0.371	541,275	44
DOUGLAS	0.367	535,439	45
HENRY	0.365	532,521	46
CARL	0.346	504,801	47
ARTHUR	0.335	488,752	48
RYAN	0.328	478,539	49
ROGER	0.322	469,786	50
JOE	0.321	468,327	51
JUAN	0.316	461,032	52
JACK	0.315	459,573	53
ALBERT	0.314	458,114	54
JONATHAN	0.313	456,655	55
JUSTIN	0.311	453,737	56
TERRY	0.311	453,737	57
GERALD	0.309	450,819	58
KEITH	0.308	449,360	59
SAMUEL	0.306	446,442	60
WILLIE	0.302	440,606	61
RALPH	0.282	411,427	62
LAWRENCE	0.282	411,427	63
NICHOLAS	0.275	401,214	64
ROY	0.273	398,296	65
BENJAMIN	0.27	393,920	66
BRUCE	0.263	383,707	67
BRANDON	0.26	379,330	68
ADAM	0.259	377,871	69
HARRY	0.251	366,199	70
FRED	0.251	366,199	71
WAYNE	0.249	363,281	72
BILLY	0.248	361,822	73
STEVE	0.246	358,904	74
LOUIS	0.243	354,528	75
JEREMY	0.242	353,069	76
AARON	0.24	350,151	77
RANDY	0.232	338,479	78
HOWARD	0.23	335,561	79
EUGENE	0.23	335,561	80
CARLOS	0.229	334,102	81
RUSSELL	0.224	326,807	82
BOBBY	0.223	325,348	83
VICTOR	0.222	323,889	84
MARTIN	0.216	315,136	85
ERNEST	0.215	313,677	86
PHILLIP	0.213	310,759	87
TODD	0.213	310,759	88
JESSE	0.209	304,923	89
CRAIG	0.206	300,546	90
ALAN	0.204	297,628	91
SHAWN	0.2	291,792	92
CLARENCE	0.197	287,415	93
SEAN	0.197	287,415	94
PHILIP	0.197	287,415	95
CHRIS	0.197	287,415	96
JOHNNY	0.195	284,497	97
EARL	0.193	281,580	98
JIMMY	0.191	278,662	99
ANTONIO	0.19	277,203	100
DANNY	0.19	277,203	101
BRYAN	0.19	277,203	102
TONY	0.19	277,203	103
LUIS	0.189	275,744	104
MIKE	0.189	275,744	105
STANLEY	0.186	271,367	106
LEONARD	0.186	271,367	107
NATHAN	0.185	269,908	108
DALE	0.184	268,449	109
MANUEL	0.181	264,072	110
RODNEY	0.18	262,613	111
CURTIS	0.18	262,613	112
NORMAN	0.177	258,236	113
ALLEN	0.174	253,859	114
MARVIN	0.171	249,482	115
VINCENT	0.168	245,105	116
GLENN	0.167	243,647	117
JEFFERY	0.166	242,188	118
TRAVIS	0.166	242,188	119
JEFF	0.166	242,188	120
CHAD	0.165	240,729	121
JACOB	0.165	240,729	122
LEE	0.162	236,352	123
MELVIN	0.162	236,352	124
ALFRED	0.162	236,352	125
KYLE	0.16	233,434	126
FRANCIS	0.16	233,434	127
BRADLEY	0.159	231,975	128
JESUS	0.155	226,139	129
HERBERT	0.155	226,139	130
FREDERICK	0.154	224,680	131
RAY	0.153	223,221	132
JOEL	0.152	221,762	133
EDWIN	0.148	215,926	134
DON	0.145	211,549	135
EDDIE	0.144	210,090	136
RICKY	0.141	205,714	137
TROY	0.138	201,337	138
RANDALL	0.138	201,337	139
BARRY	0.134	195,501	140
ALEXANDER	0.132	192,583	141
BERNARD	0.127	185,288	142
MARIO	0.125	182,370	143
LEROY	0.125	182,370	144
FRANCISCO	0.124	180,911	145
MARCUS	0.124	180,911	146
MICHEAL	0.123	179,452	147
THEODORE	0.123	179,452	148
CLIFFORD	0.123	179,452	149
MIGUEL	0.122	177,993	150
OSCAR	0.122	177,993	151
JAY	0.118	172,157	152
JIM	0.118	172,157	153
TOM	0.117	170,698	154
CALVIN	0.115	167,781	155
ALEX	0.115	167,781	156
JON	0.115	167,781	157
RONNIE	0.113	164,863	158
BILL	0.112	163,404	159
LLOYD	0.112	163,404	160
TOMMY	0.112	163,404	161
LEON	0.112	163,404	162
DEREK	0.112	163,404	163
WARREN	0.11	160,486	164
DARRELL	0.108	157,568	165
JEROME	0.108	157,568	166
FLOYD	0.107	156,109	167
LEO	0.106	154,650	168
ALVIN	0.105	153,191	169
TIM	0.104	151,732	170
WESLEY	0.104	151,732	171
GORDON	0.104	151,732	172
DEAN	0.104	151,732	173
GREG	0.104	151,732	174
JORGE	0.104	151,732	175
DUSTIN	0.103	150,273	176
PEDRO	0.103	150,273	177
DERRICK	0.103	150,273	178
DAN	0.101	147,355	179
LEWIS	0.099	144,437	180
ZACHARY	0.099	144,437	181
COREY	0.098	142,978	182
HERMAN	0.097	141,519	183
MAURICE	0.097	141,519	184
VERNON	0.097	141,519	185
ROBERTO	0.097	141,519	186
CLYDE	0.095	138,601	187
GLEN	0.094	137,142	188
HECTOR	0.094	137,142	189
SHANE	0.093	135,683	190
RICARDO	0.093	135,683	191
SAM	0.092	134,224	192
RICK	0.091	132,765	193
LESTER	0.091	132,765	194
BRENT	0.09	131,307	195
RAMON	0.09	131,307	196
CHARLIE	0.09	131,307	197
TYLER	0.089	129,848	198
GILBERT	0.089	129,848	199
GENE	0.087	126,930	200
MARC	0.087	126,930	201
REGINALD	0.084	122,553	202
RUBEN	0.082	119,635	203
BRETT	0.082	119,635	204
ANGEL	0.082	119,635	205
NATHANIEL	0.081	118,176	206
RAFAEL	0.081	118,176	207
LESLIE	0.081	118,176	208
EDGAR	0.08	116,717	209
MILTON	0.08	116,717	210
RAUL	0.079	115,258	211
BEN	0.078	113,799	212
CHESTER	0.078	113,799	213
CECIL	0.078	113,799	214
DUANE	0.077	112,340	215
FRANKLIN	0.077	112,340	216
ANDRE	0.076	110,881	217
ELMER	0.074	107,963	218
BRAD	0.073	106,504	219
GABRIEL	0.073	106,504	220
RON	0.072	105,045	221
MITCHELL	0.072	105,045	222
ROLAND	0.072	105,045	223
ARNOLD	0.072	105,045	224
HARVEY	0.072	105,045	225
JARED	0.071	103,586	226
ADRIAN	0.069	100,668	227
KARL	0.069	100,668	228
CORY	0.068	99,209	229
CLAUDE	0.068	99,209	230
ERIK	0.068	99,209	231
DARRYL	0.067	97,750	232
JAMIE	0.066	96,291	233
NEIL	0.066	96,291	234
JESSIE	0.065	94,832	235
CHRISTIAN	0.065	94,832	236
JAVIER	0.065	94,832	237
FERNANDO	0.065	94,832	238
CLINTON	0.065	94,832	239
TED	0.064	93,374	240
MATHEW	0.064	93,374	241
TYRONE	0.064	93,374	242
DARREN	0.064	93,374	243
LONNIE	0.064	93,374	244
LANCE	0.063	91,915	245
CODY	0.063	91,915	246
JULIO	0.063	91,915	247
KELLY	0.063	91,915	248
KURT	0.062	90,456	249
ALLAN	0.061	88,997	250
NELSON	0.061	88,997	251
GUY	0.06	87,538	252
CLAYTON	0.06	87,538	253
HUGH	0.06	87,538	254
MAX	0.059	86,079	255
DWAYNE	0.059	86,079	256
DWIGHT	0.058	84,620	257
ARMANDO	0.058	84,620	258
FELIX	0.058	84,620	259
JIMMIE	0.058	84,620	260
EVERETT	0.057	83,161	261
JORDAN	0.056	81,702	262
IAN	0.056	81,702	263
WALLACE	0.056	81,702	264
KEN	0.055	80,243	265
BOB	0.055	80,243	266
JAIME	0.055	80,243	267
CASEY	0.054	78,784	268
ALFREDO	0.054	78,784	269
ALBERTO	0.053	77,325	270
DAVE	0.053	77,325	271
IVAN	0.053	77,325	272
JOHNNIE	0.052	75,866	273
SIDNEY	0.052	75,866	274
BYRON	0.052	75,866	275
JULIAN	0.052	75,866	276
ISAAC	0.051	74,407	277
MORRIS	0.051	74,407	278
CLIFTON	0.05	72,948	279
WILLARD	0.05	72,948	280
DARYL	0.05	72,948	281
ROSS	0.05	72,948	282
VIRGIL	0.049	71,489	283
ANDY	0.049	71,489	284
MARSHALL	0.049	71,489	285
SALVADOR	0.049	71,489	286
PERRY	0.049	71,489	287
KIRK	0.049	71,489	288
SERGIO	0.049	71,489	289
MARION	0.048	70,030	290
TRACY	0.048	70,030	291
SETH	0.048	70,030	292
KENT	0.048	70,030	293
TERRANCE	0.048	70,030	294
RENE	0.048	70,030	295
EDUARDO	0.047	68,571	296
TERRENCE	0.047	68,571	297
ENRIQUE	0.046	67,112	298
FREDDIE	0.046	67,112	299
WADE	0.045	65,653	300
AUSTIN	0.044	64,194	301
STUART	0.044	64,194	302
FREDRICK	0.043	62,735	303
ARTURO	0.043	62,735	304
ALEJANDRO	0.043	62,735	305
JACKIE	0.043	62,735	306
JOEY	0.043	62,735	307
NICK	0.043	62,735	308
LUTHER	0.043	62,735	309
WENDELL	0.042	61,276	310
JEREMIAH	0.042	61,276	311
EVAN	0.042	61,276	312
JULIUS	0.042	61,276	313
DANA	0.042	61,276	314
DONNIE	0.041	59,817	315
OTIS	0.041	59,817	316
SHANNON	0.04	58,358	317
TREVOR	0.04	58,358	318
OLIVER	0.04	58,358	319
LUKE	0.04	58,358	320
HOMER	0.04	58,358	321
GERARD	0.04	58,358	322
DOUG	0.04	58,358	323
KENNY	0.039	56,899	324
HUBERT	0.039	56,899	325
ANGELO	0.039	56,899	326
SHAUN	0.039	56,899	327
LYLE	0.038	55,441	328
MATT	0.038	55,441	329
LYNN	0.038	55,441	330
ALFONSO	0.038	55,441	331
ORLANDO	0.037	53,982	332
REX	0.037	53,982	333
CARLTON	0.037	53,982	334
ERNESTO	0.037	53,982	335
CAMERON	0.037	53,982	336
NEAL	0.037	53,982	337
PABLO	0.036	52,523	338
LORENZO	0.036	52,523	339
OMAR	0.036	52,523	340
WILBUR	0.036	52,523	341
BLAKE	0.036	52,523	342
GRANT	0.036	52,523	343
HORACE	0.036	52,523	344
RODERICK	0.036	52,523	345
KERRY	0.036	52,523	346
ABRAHAM	0.035	51,064	347
WILLIS	0.035	51,064	348
RICKEY	0.035	51,064	349
JEAN	0.035	51,064	350
IRA	0.035	51,064	351
ANDRES	0.034	49,605	352
CESAR	0.034	49,605	353
JOHNATHAN	0.034	49,605	354
MALCOLM	0.034	49,605	355
RUDOLPH	0.034	49,605	356
DAMON	0.034	49,605	357
KELVIN	0.034	49,605	358
RUDY	0.034	49,605	359
PRESTON	0.034	49,605	360
ALTON	0.033	48,146	361
ARCHIE	0.033	48,146	362
MARCO	0.033	48,146	363
WM	0.033	48,146	364
PETE	0.032	46,687	365
RANDOLPH	0.032	46,687	366
GARRY	0.032	46,687	367
GEOFFREY	0.032	46,687	368
JONATHON	0.032	46,687	369
FELIPE	0.032	46,687	370
BENNIE	0.032	46,687	371
GERARDO	0.032	46,687	372
ED	0.032	46,687	373
DOMINIC	0.032	46,687	374
ROBIN	0.032	46,687	375
LOREN	0.032	46,687	376
DELBERT	0.031	45,228	377
COLIN	0.031	45,228	378
GUILLERMO	0.031	45,228	379
EARNEST	0.031	45,228	380
LUCAS	0.031	45,228	381
BENNY	0.03	43,769	382
NOEL	0.03	43,769	383
SPENCER	0.03	43,769	384
RODOLFO	0.03	43,769	385
MYRON	0.03	43,769	386
EDMUND	0.03	43,769	387
GARRETT	0.029	42,310	388
SALVATORE	0.029	42,310	389
CEDRIC	0.029	42,310	390
LOWELL	0.029	42,310	391
GREGG	0.029	42,310	392
SHERMAN	0.028	40,851	393
WILSON	0.028	40,851	394
DEVIN	0.028	40,851	395
SYLVESTER	0.028	40,851	396
KIM	0.028	40,851	397
ROOSEVELT	0.028	40,851	398
ISRAEL	0.028	40,851	399
JERMAINE	0.028	40,851	400
FORREST	0.027	39,392	401
WILBERT	0.027	39,392	402
LELAND	0.027	39,392	403
SIMON	0.026	37,933	404
GUADALUPE	0.026	37,933	405
CLARK	0.026	37,933	406
IRVING	0.026	37,933	407
CARROLL	0.026	37,933	408
BRYANT	0.026	37,933	409
OWEN	0.026	37,933	410
RUFUS	0.025	36,474	411
WOODROW	0.025	36,474	412
SAMMY	0.025	36,474	413
KRISTOPHER	0.025	36,474	414
MACK	0.025	36,474	415
LEVI	0.025	36,474	416
MARCOS	0.025	36,474	417
GUSTAVO	0.025	36,474	418
JAKE	0.025	36,474	419
LIONEL	0.024	35,015	420
MARTY	0.024	35,015	421
TAYLOR	0.024	35,015	422
ELLIS	0.024	35,015	423
DALLAS	0.024	35,015	424
GILBERTO	0.024	35,015	425
CLINT	0.024	35,015	426
NICOLAS	0.024	35,015	427
LAURENCE	0.024	35,015	428
ISMAEL	0.024	35,015	429
ORVILLE	0.024	35,015	430
DREW	0.024	35,015	431
JODY	0.024	35,015	432
ERVIN	0.023	33,556	433
DEWEY	0.023	33,556	434
AL	0.023	33,556	435
WILFRED	0.023	33,556	436
JOSH	0.023	33,556	437
HUGO	0.023	33,556	438
IGNACIO	0.023	33,556	439
CALEB	0.023	33,556	440
TOMAS	0.023	33,556	441
SHELDON	0.023	33,556	442
ERICK	0.023	33,556	443
FRANKIE	0.023	33,556	444
STEWART	0.022	32,097	445
DOYLE	0.022	32,097	446
DARREL	0.022	32,097	447
ROGELIO	0.022	32,097	448
TERENCE	0.022	32,097	449
SANTIAGO	0.022	32,097	450
ALONZO	0.022	32,097	451
ELIAS	0.022	32,097	452
BERT	0.022	32,097	453
ELBERT	0.022	32,097	454
RAMIRO	0.022	32,097	455
CONRAD	0.022	32,097	456
PAT	0.022	32,097	457
NOAH	0.022	32,097	458
GRADY	0.021	30,638	459
PHIL	0.021	30,638	460
CORNELIUS	0.021	30,638	461
LAMAR	0.021	30,638	462
ROLANDO	0.021	30,638	463
CLAY	0.021	30,638	464
PERCY	0.021	30,638	465
DEXTER	0.021	30,638	466
BRADFORD	0.021	30,638	467
MERLE	0.021	30,638	468
DARIN	0.02	29,179	469
AMOS	0.02	29,179	470
TERRELL	0.02	29,179	471
MOSES	0.02	29,179	472
IRVIN	0.02	29,179	473
SAUL	0.02	29,179	474
ROMAN	0.02	29,179	475
DARNELL	0.02	29,179	476
RANDAL	0.02	29,179	477
TOMMIE	0.02	29,179	478
TIMMY	0.019	27,720	479
DARRIN	0.019	27,720	480
WINSTON	0.019	27,720	481
BRENDAN	0.019	27,720	482
TOBY	0.019	27,720	483
VAN	0.019	27,720	484
ABEL	0.019	27,720	485
DOMINICK	0.019	27,720	486
BOYD	0.019	27,720	487
COURTNEY	0.019	27,720	488
JAN	0.019	27,720	489
EMILIO	0.019	27,720	490
ELIJAH	0.019	27,720	491
CARY	0.019	27,720	492
DOMINGO	0.019	27,720	493
SANTOS	0.019	27,720	494
AUBREY	0.019	27,720	495
EMMETT	0.019	27,720	496
MARLON	0.019	27,720	497
EMANUEL	0.019	27,720	498
JERALD	0.019	27,720	499
EDMOND	0.019	27,720	500
EMIL	0.019	27,720	501
DEWAYNE	0.018	26,261	502
WILL	0.018	26,261	503
OTTO	0.018	26,261	504
TEDDY	0.018	26,261	505
REYNALDO	0.018	26,261	506
BRET	0.018	26,261	507
MORGAN	0.018	26,261	508
JESS	0.018	26,261	509
TRENT	0.018	26,261	510
HUMBERTO	0.018	26,261	511
EMMANUEL	0.018	26,261	512
STEPHAN	0.018	26,261	513
LOUIE	0.018	26,261	514
VICENTE	0.017	24,802	515
LAMONT	0.017	24,802	516
STACY	0.017	24,802	517
GARLAND	0.017	24,802	518
MILES	0.017	24,802	519
MICAH	0.017	24,802	520
EFRAIN	0.017	24,802	521
BILLIE	0.017	24,802	522
LOGAN	0.017	24,802	523
HEATH	0.017	24,802	524
RODGER	0.017	24,802	525
HARLEY	0.017	24,802	526
DEMETRIUS	0.017	24,802	527
ETHAN	0.017	24,802	528
ELDON	0.017	24,802	529
ROCKY	0.016	23,343	530
PIERRE	0.016	23,343	531
JUNIOR	0.016	23,343	532
FREDDY	0.016	23,343	533
ELI	0.016	23,343	534
BRYCE	0.016	23,343	535
ANTOINE	0.016	23,343	536
ROBBIE	0.016	23,343	537
KENDALL	0.016	23,343	538
ROYCE	0.016	23,343	539
STERLING	0.016	23,343	540
MICKEY	0.016	23,343	541
CHASE	0.016	23,343	542
GROVER	0.016	23,343	543
ELTON	0.016	23,343	544
CLEVELAND	0.016	23,343	545
DYLAN	0.016	23,343	546
CHUCK	0.016	23,343	547
DAMIAN	0.016	23,343	548
REUBEN	0.015	21,884	549
STAN	0.015	21,884	550
AUGUST	0.015	21,884	551
LEONARDO	0.015	21,884	552
JASPER	0.015	21,884	553
RUSSEL	0.015	21,884	554
ERWIN	0.015	21,884	555
BENITO	0.015	21,884	556
HANS	0.015	21,884	557
MONTE	0.015	21,884	558
BLAINE	0.015	21,884	559
ERNIE	0.015	21,884	560
CURT	0.015	21,884	561
QUENTIN	0.015	21,884	562
AGUSTIN	0.015	21,884	563
MURRAY	0.015	21,884	564
JAMAL	0.014	20,425	565
DEVON	0.014	20,425	566
ADOLFO	0.014	20,425	567
HARRISON	0.014	20,425	568
TYSON	0.014	20,425	569
BURTON	0.014	20,425	570
BRADY	0.014	20,425	571
ELLIOTT	0.014	20,425	572
WILFREDO	0.014	20,425	573
BART	0.014	20,425	574
JARROD	0.014	20,425	575
VANCE	0.014	20,425	576
DENIS	0.014	20,425	577
DAMIEN	0.014	20,425	578
JOAQUIN	0.014	20,425	579
HARLAN	0.014	20,425	580
DESMOND	0.014	20,425	581
ELLIOT	0.014	20,425	582
DARWIN	0.014	20,425	583
ASHLEY	0.014	20,425	584
GREGORIO	0.014	20,425	585
BUDDY	0.014	20,425	586
XAVIER	0.013	18,966	587
KERMIT	0.013	18,966	588
ROSCOE	0.013	18,966	589
ESTEBAN	0.013	18,966	590
ANTON	0.013	18,966	591
SOLOMON	0.013	18,966	592
SCOTTY	0.013	18,966	593
NORBERT	0.013	18,966	594
ELVIN	0.013	18,966	595
WILLIAMS	0.013	18,966	596
NOLAN	0.013	18,966	597
CAREY	0.013	18,966	598
ROD	0.013	18,966	599
QUINTON	0.013	18,966	600
HAL	0.013	18,966	601
BRAIN	0.013	18,966	602
ROB	0.013	18,966	603
ELWOOD	0.013	18,966	604
KENDRICK	0.013	18,966	605
DARIUS	0.013	18,966	606
MOISES	0.013	18,966	607
SON	0.012	17,508	608
MARLIN	0.012	17,508	609
FIDEL	0.012	17,508	610
THADDEUS	0.012	17,508	611
CLIFF	0.012	17,508	612
MARCEL	0.012	17,508	613
ALI	0.012	17,508	614
JACKSON	0.012	17,508	615
RAPHAEL	0.012	17,508	616
BRYON	0.012	17,508	617
ARMAND	0.012	17,508	618
ALVARO	0.012	17,508	619
JEFFRY	0.012	17,508	620
DANE	0.012	17,508	621
JOESPH	0.012	17,508	622
THURMAN	0.012	17,508	623
NED	0.012	17,508	624
SAMMIE	0.012	17,508	625
RUSTY	0.012	17,508	626
MICHEL	0.012	17,508	627
MONTY	0.012	17,508	628
RORY	0.012	17,508	629
FABIAN	0.012	17,508	630
REGGIE	0.012	17,508	631
MASON	0.012	17,508	632
GRAHAM	0.012	17,508	633
KRIS	0.011	16,049	634
ISAIAH	0.011	16,049	635
VAUGHN	0.011	16,049	636
GUS	0.011	16,049	637
AVERY	0.011	16,049	638
LOYD	0.011	16,049	639
DIEGO	0.011	16,049	640
ALEXIS	0.011	16,049	641
ADOLPH	0.011	16,049	642
NORRIS	0.011	16,049	643
MILLARD	0.011	16,049	644
ROCCO	0.011	16,049	645
GONZALO	0.011	16,049	646
DERICK	0.011	16,049	647
RODRIGO	0.011	16,049	648
GERRY	0.011	16,049	649
STACEY	0.011	16,049	650
CARMEN	0.011	16,049	651
WILEY	0.011	16,049	652
RIGOBERTO	0.011	16,049	653
ALPHONSO	0.011	16,049	654
TY	0.011	16,049	655
SHELBY	0.011	16,049	656
RICKIE	0.011	16,049	657
NOE	0.011	16,049	658
VERN	0.01	14,590	659
BOBBIE	0.01	14,590	660
REED	0.01	14,590	661
JEFFERSON	0.01	14,590	662
ELVIS	0.01	14,590	663
BERNARDO	0.01	14,590	664
MAURICIO	0.01	14,590	665
HIRAM	0.01	14,590	666
DONOVAN	0.01	14,590	667
BASIL	0.01	14,590	668
RILEY	0.01	14,590	669
OLLIE	0.01	14,590	670
NICKOLAS	0.01	14,590	671
MAYNARD	0.01	14,590	672
SCOT	0.01	14,590	673
VINCE	0.01	14,590	674
QUINCY	0.01	14,590	675
EDDY	0.01	14,590	676
SEBASTIAN	0.01	14,590	677
FEDERICO	0.01	14,590	678
ULYSSES	0.01	14,590	679
HERIBERTO	0.01	14,590	680
DONNELL	0.01	14,590	681
COLE	0.01	14,590	682
DENNY	0.01	14,590	683
DAVIS	0.01	14,590	684
GAVIN	0.01	14,590	685
EMERY	0.01	14,590	686
WARD	0.01	14,590	687
ROMEO	0.01	14,590	688
JAYSON	0.01	14,590	689
DION	0.01	14,590	690
DANTE	0.01	14,590	691
CLEMENT	0.01	14,590	692
COY	0.01	14,590	693
ODELL	0.01	14,590	694
MAXWELL	0.01	14,590	695
JARVIS	0.01	14,590	696
BRUNO	0.01	14,590	697
ISSAC	0.01	14,590	698
MARY	0.009	13,131	699
DUDLEY	0.009	13,131	700
BROCK	0.009	13,131	701
SANFORD	0.009	13,131	702
COLBY	0.009	13,131	703
CARMELO	0.009	13,131	704
BARNEY	0.009	13,131	705
NESTOR	0.009	13,131	706
HOLLIS	0.009	13,131	707
STEFAN	0.009	13,131	708
DONNY	0.009	13,131	709
ART	0.009	13,131	710
LINWOOD	0.009	13,131	711
BEAU	0.009	13,131	712
WELDON	0.009	13,131	713
GALEN	0.009	13,131	714
ISIDRO	0.009	13,131	715
TRUMAN	0.009	13,131	716
DELMAR	0.009	13,131	717
JOHNATHON	0.009	13,131	718
SILAS	0.009	13,131	719
FREDERIC	0.009	13,131	720
DICK	0.009	13,131	721
KIRBY	0.009	13,131	722
IRWIN	0.009	13,131	723
CRUZ	0.009	13,131	724
MERLIN	0.009	13,131	725
MERRILL	0.009	13,131	726
CHARLEY	0.009	13,131	727
MARCELINO	0.009	13,131	728
LANE	0.009	13,131	729
HARRIS	0.009	13,131	730
CLEO	0.009	13,131	731
CARLO	0.009	13,131	732
TRENTON	0.009	13,131	733
KURTIS	0.009	13,131	734
HUNTER	0.009	13,131	735
AURELIO	0.009	13,131	736
WINFRED	0.009	13,131	737
VITO	0.009	13,131	738
COLLIN	0.009	13,131	739
DENVER	0.009	13,131	740
CARTER	0.009	13,131	741
LEONEL	0.008	11,672	742
EMORY	0.008	11,672	743
PASQUALE	0.008	11,672	744
MOHAMMAD	0.008	11,672	745
MARIANO	0.008	11,672	746
DANIAL	0.008	11,672	747
BLAIR	0.008	11,672	748
LANDON	0.008	11,672	749
DIRK	0.008	11,672	750
BRANDEN	0.008	11,672	751
ADAN	0.008	11,672	752
NUMBERS	0.008	11,672	753
CLAIR	0.008	11,672	754
BUFORD	0.008	11,672	755
GERMAN	0.008	11,672	756
BERNIE	0.008	11,672	757
WILMER	0.008	11,672	758
JOAN	0.008	11,672	759
EMERSON	0.008	11,672	760
ZACHERY	0.008	11,672	761
FLETCHER	0.008	11,672	762
JACQUES	0.008	11,672	763
ERROL	0.008	11,672	764
DALTON	0.008	11,672	765
MONROE	0.008	11,672	766
JOSUE	0.008	11,672	767
DOMINIQUE	0.008	11,672	768
EDWARDO	0.008	11,672	769
BOOKER	0.008	11,672	770
WILFORD	0.008	11,672	771
SONNY	0.008	11,672	772
SHELTON	0.008	11,672	773
CARSON	0.008	11,672	774
THERON	0.008	11,672	775
RAYMUNDO	0.008	11,672	776
DAREN	0.008	11,672	777
TRISTAN	0.008	11,672	778
HOUSTON	0.008	11,672	779
ROBBY	0.008	11,672	780
LINCOLN	0.008	11,672	781
JAME	0.008	11,672	782
GENARO	0.008	11,672	783
GALE	0.008	11,672	784
BENNETT	0.008	11,672	785
OCTAVIO	0.008	11,672	786
CORNELL	0.008	11,672	787
LAVERNE	0.008	11,672	788
HUNG	0.008	11,672	789
ARRON	0.008	11,672	790
ANTONY	0.008	11,672	791
HERSCHEL	0.007	10,213	792
ALVA	0.007	10,213	793
GIOVANNI	0.007	10,213	794
GARTH	0.007	10,213	795
CYRUS	0.007	10,213	796
CYRIL	0.007	10,213	797
RONNY	0.007	10,213	798
STEVIE	0.007	10,213	799
LON	0.007	10,213	800
FREEMAN	0.007	10,213	801
ERIN	0.007	10,213	802
DUNCAN	0.007	10,213	803
KENNITH	0.007	10,213	804
CARMINE	0.007	10,213	805
AUGUSTINE	0.007	10,213	806
YOUNG	0.007	10,213	807
ERICH	0.007	10,213	808
CHADWICK	0.007	10,213	809
WILBURN	0.007	10,213	810
RUSS	0.007	10,213	811
REID	0.007	10,213	812
MYLES	0.007	10,213	813
ANDERSON	0.007	10,213	814
MORTON	0.007	10,213	815
JONAS	0.007	10,213	816
FOREST	0.007	10,213	817
MITCHEL	0.007	10,213	818
MERVIN	0.007	10,213	819
ZANE	0.007	10,213	820
RICH	0.007	10,213	821
JAMEL	0.007	10,213	822
LAZARO	0.007	10,213	823
ALPHONSE	0.007	10,213	824
RANDELL	0.007	10,213	825
MAJOR	0.007	10,213	826
JOHNIE	0.007	10,213	827
JARRETT	0.007	10,213	828
BROOKS	0.007	10,213	829
ARIEL	0.007	10,213	830
ABDUL	0.007	10,213	831
DUSTY	0.007	10,213	832
LUCIANO	0.007	10,213	833
LINDSEY	0.007	10,213	834
TRACEY	0.007	10,213	835
SEYMOUR	0.007	10,213	836
SCOTTIE	0.007	10,213	837
EUGENIO	0.007	10,213	838
MOHAMMED	0.007	10,213	839
SANDY	0.007	10,213	840
VALENTIN	0.007	10,213	841
CHANCE	0.007	10,213	842
ARNULFO	0.007	10,213	843
LUCIEN	0.007	10,213	844
FERDINAND	0.007	10,213	845
THAD	0.007	10,213	846
EZRA	0.007	10,213	847
SYDNEY	0.007	10,213	848
ALDO	0.007	10,213	849
RUBIN	0.006	8,754	850
ROYAL	0.006	8,754	851
MITCH	0.006	8,754	852
EARLE	0.006	8,754	853
ABE	0.006	8,754	854
WYATT	0.006	8,754	855
MARQUIS	0.006	8,754	856
LANNY	0.006	8,754	857
KAREEM	0.006	8,754	858
JAMAR	0.006	8,754	859
BORIS	0.006	8,754	860
ISIAH	0.006	8,754	861
EMILE	0.006	8,754	862
ELMO	0.006	8,754	863
ARON	0.006	8,754	864
LEOPOLDO	0.006	8,754	865
EVERETTE	0.006	8,754	866
JOSEF	0.006	8,754	867
GAIL	0.006	8,754	868
ELOY	0.006	8,754	869
DORIAN	0.006	8,754	870
RODRICK	0.006	8,754	871
REINALDO	0.006	8,754	872
LUCIO	0.006	8,754	873
JERROD	0.006	8,754	874
WESTON	0.006	8,754	875
HERSHEL	0.006	8,754	876
BARTON	0.006	8,754	877
PARKER	0.006	8,754	878
LEMUEL	0.006	8,754	879
LAVERN	0.006	8,754	880
BURT	0.006	8,754	881
JULES	0.006	8,754	882
GIL	0.006	8,754	883
ELISEO	0.006	8,754	884
AHMAD	0.006	8,754	885
NIGEL	0.006	8,754	886
EFREN	0.006	8,754	887
ANTWAN	0.006	8,754	888
ALDEN	0.006	8,754	889
MARGARITO	0.006	8,754	890
COLEMAN	0.006	8,754	891
REFUGIO	0.006	8,754	892
DINO	0.006	8,754	893
OSVALDO	0.006	8,754	894
LES	0.006	8,754	895
DEANDRE	0.006	8,754	896
NORMAND	0.006	8,754	897
KIETH	0.006	8,754	898
IVORY	0.006	8,754	899
ANDREA	0.006	8,754	900
TREY	0.006	8,754	901
NORBERTO	0.006	8,754	902
NAPOLEON	0.006	8,754	903
JEROLD	0.006	8,754	904
FRITZ	0.006	8,754	905
ROSENDO	0.006	8,754	906
MILFORD	0.006	8,754	907
SANG	0.006	8,754	908
DEON	0.006	8,754	909
CHRISTOPER	0.006	8,754	910
ALFONZO	0.006	8,754	911
LYMAN	0.006	8,754	912
JOSIAH	0.006	8,754	913
BRANT	0.006	8,754	914
WILTON	0.006	8,754	915
RICO	0.006	8,754	916
JAMAAL	0.006	8,754	917
DEWITT	0.006	8,754	918
CAROL	0.006	8,754	919
BRENTON	0.006	8,754	920
YONG	0.006	8,754	921
OLIN	0.006	8,754	922
FOSTER	0.006	8,754	923
FAUSTINO	0.006	8,754	924
CLAUDIO	0.006	8,754	925
JUDSON	0.006	8,754	926
GINO	0.006	8,754	927
EDGARDO	0.006	8,754	928
BERRY	0.006	8,754	929
ALEC	0.006	8,754	930
TANNER	0.006	8,754	931
JARRED	0.006	8,754	932
DONN	0.006	8,754	933
TRINIDAD	0.005	7,295	934
TAD	0.005	7,295	935
SHIRLEY	0.005	7,295	936
PRINCE	0.005	7,295	937
PORFIRIO	0.005	7,295	938
ODIS	0.005	7,295	939
MARIA	0.005	7,295	940
LENARD	0.005	7,295	941
CHAUNCEY	0.005	7,295	942
CHANG	0.005	7,295	943
TOD	0.005	7,295	944
MEL	0.005	7,295	945
MARCELO	0.005	7,295	946
KORY	0.005	7,295	947
AUGUSTUS	0.005	7,295	948
KEVEN	0.005	7,295	949
HILARIO	0.005	7,295	950
BUD	0.005	7,295	951
SAL	0.005	7,295	952
ROSARIO	0.005	7,295	953
ORVAL	0.005	7,295	954
MAURO	0.005	7,295	955
DANNIE	0.005	7,295	956
ZACHARIAH	0.005	7,295	957
OLEN	0.005	7,295	958
ANIBAL	0.005	7,295	959
MILO	0.005	7,295	960
JED	0.005	7,295	961
FRANCES	0.005	7,295	962
THANH	0.005	7,295	963
DILLON	0.005	7,295	964
AMADO	0.005	7,295	965
NEWTON	0.005	7,295	966
CONNIE	0.005	7,295	967
LENNY	0.005	7,295	968
TORY	0.005	7,295	969
RICHIE	0.005	7,295	970
LUPE	0.005	7,295	971
HORACIO	0.005	7,295	972
BRICE	0.005	7,295	973
MOHAMED	0.005	7,295	974
DELMER	0.005	7,295	975
DARIO	0.005	7,295	976
REYES	0.005	7,295	977
DEE	0.005	7,295	978
MAC	0.005	7,295	979
JONAH	0.005	7,295	980
JERROLD	0.005	7,295	981
ROBT	0.005	7,295	982
HANK	0.005	7,295	983
SUNG	0.005	7,295	984
RUPERT	0.005	7,295	985
ROLLAND	0.005	7,295	986
KENTON	0.005	7,295	987
DAMION	0.005	7,295	988
CHI	0.005	7,295	989
ANTONE	0.005	7,295	990
WALDO	0.005	7,295	991
FREDRIC	0.005	7,295	992
BRADLY	0.005	7,295	993
QUINN	0.005	7,295	994
KIP	0.005	7,295	995
BURL	0.005	7,295	996
WALKER	0.005	7,295	997
TYREE	0.005	7,295	998
JEFFEREY	0.005	7,295	999
AHMED	0.005	7,295	1000